x,y,y_pred
0.0,4.828738793398878,7.0265598105976785
0.01001001001001,9.0247209231972,7.0563782528744365
0.02002002002002,7.626017056164044,7.0861966951511945
0.03003003003003,4.077500662253906,7.116015137427953
0.04004004004004,5.962919616183047,7.1458335797047114
0.05005005005005,10.453023224344452,7.1756520219814695
0.06006006006006,2.326821693394032,7.2054704642582275
0.07007007007007,6.3523849524978555,7.235288906534986
0.08008008008008,9.772112757651309,7.265107348811744
0.09009009009009,5.536789465740067,7.294925791088502
0.1001001001001,5.9425279970561915,7.32474423336526
0.1101101101101101,7.140912392456548,7.354562675642019
0.1201201201201201,10.343139612608937,7.384381117918777
0.1301301301301301,6.112586397021088,7.414199560195536
0.1401401401401401,6.532456501128289,7.444018002472294
0.1501501501501501,6.581747899213416,7.473836444749052
0.1601601601601601,11.892340645931393,7.50365488702581
0.1701701701701701,11.884082688458085,7.533473329302568
0.1801801801801801,9.548648336298294,7.563291771579327
0.1901901901901901,8.342943368920283,7.593110213856085
0.2002002002002001,9.075337752393084,7.622928656132843
0.2102102102102102,10.612094686932227,7.652747098409602
0.2202202202202202,5.7889929238558775,7.68256554068636
0.2302302302302302,10.042348780254898,7.712383982963118
0.2402402402402402,5.212959385222696,7.742202425239876
0.2502502502502503,6.47524774584393,7.772020867516635
0.2602602602602603,9.594991172381384,7.801839309793393
0.2702702702702703,4.953449410358872,7.831657752070152
0.2802802802802803,7.560703400463509,7.86147619434691
0.2902902902902903,6.1473610791515,7.891294636623668
0.3003003003003003,7.389662159839707,7.921113078900426
0.3103103103103103,2.333752720009482,7.950931521177184
0.3203203203203203,4.417894751941267,7.980749963453943
0.3303303303303303,6.591236521795156,8.010568405730702
0.3403403403403403,9.875945884538186,8.040386848007458
0.3503503503503503,7.703779685470619,8.070205290284218
0.3603603603603603,8.086772912874702,8.100023732560976
0.3703703703703703,9.48755653331568,8.129842174837734
0.3803803803803803,6.382068455123036,8.159660617114492
0.3903903903903903,8.738425818785753,8.18947905939125
0.4004004004004003,6.59046816506997,8.219297501668008
0.4104104104104104,4.775892242990016,8.249115943944767
0.4204204204204204,7.479461673751059,8.278934386221525
0.4304304304304304,9.438903016101406,8.308752828498283
0.4404404404404404,8.998499423320924,8.338571270775041
0.4504504504504504,8.327690362393712,8.3683897130518
0.4604604604604604,13.166111913256833,8.398208155328557
0.4704704704704704,9.237235732028967,8.428026597605315
0.4804804804804805,10.398913453316132,8.457845039882075
0.4904904904904905,12.947758148467376,8.487663482158833
0.5005005005005005,5.913330855179003,8.517481924435591
0.5105105105105106,6.4539551111216245,8.54730036671235
0.5205205205205206,12.048986011807422,8.577118808989107
0.5305305305305306,6.995466121109466,8.606937251265865
0.5405405405405406,8.680988082228282,8.636755693542625
0.5505505505505506,10.790283590500348,8.666574135819383
0.5605605605605606,10.463094464268025,8.696392578096141
0.5705705705705706,12.22148407567393,8.726211020372899
0.5805805805805806,11.73303001580868,8.756029462649657
0.5905905905905906,10.910557111183245,8.785847904926415
0.6006006006006006,7.256384373307419,8.815666347203173
0.6106106106106106,10.421557167418268,8.845484789479931
0.6206206206206206,9.490405850875597,8.87530323175669
0.6306306306306306,6.23936097201098,8.905121674033449
0.6406406406406406,11.756520014875626,8.934940116310207
0.6506506506506506,10.566425021109085,8.964758558586965
0.6606606606606606,9.072962143244176,8.994577000863723
0.6706706706706707,8.545827890043185,9.024395443140481
0.6806806806806807,6.645439752640467,9.054213885417239
0.6906906906906907,9.471120219189336,9.084032327693997
0.7007007007007007,10.03898034099339,9.113850769970757
0.7107107107107107,7.469822163645573,9.143669212247515
0.7207207207207207,11.48657026036122,9.173487654524273
0.7307307307307307,6.997786099226123,9.20330609680103
0.7407407407407407,4.976021522137338,9.233124539077789
0.7507507507507507,11.331706434037653,9.262942981354547
0.7607607607607607,8.475550206078067,9.292761423631305
0.7707707707707707,9.060253141686282,9.322579865908065
0.7807807807807807,7.667308896692235,9.35239830818482
0.7907907907907907,6.160446850937566,9.38221675046158
0.8008008008008007,11.91287715185084,9.412035192738339
0.8108108108108109,8.054694464738589,9.441853635015097
0.8208208208208209,12.78436743875834,9.471672077291855
0.8308308308308309,11.107108864913949,9.501490519568613
0.8408408408408409,8.893006229087602,9.531308961845372
0.8508508508508509,7.380747750298818,9.56112740412213
0.8608608608608609,8.117658609141667,9.590945846398888
0.8708708708708709,7.187566350422273,9.620764288675646
0.8808808808808809,13.816869361819013,9.650582730952404
0.8908908908908909,10.00155513313232,9.680401173229162
0.9009009009009008,12.003113787795966,9.71021961550592
0.9109109109109108,7.198028634712276,9.740038057782678
0.9209209209209208,10.12483302195677,9.769856500059436
0.9309309309309308,12.148516670409949,9.799674942336196
0.9409409409409408,9.15280129895679,9.829493384612954
0.950950950950951,11.915081770696336,9.859311826889712
0.960960960960961,7.713747058871348,9.88913026916647
0.970970970970971,7.185969823675744,9.918948711443228
0.980980980980981,10.701744167099214,9.948767153719988
0.990990990990991,9.214620103827867,9.978585595996744
1.001001001001001,11.287112381546669,10.008404038273504
1.011011011011011,6.077257169992135,10.038222480550262
1.021021021021021,11.4875923340041,10.06804092282702
1.031031031031031,15.289700947631722,10.097859365103778
1.0410410410410411,10.073871160260166,10.127677807380536
1.0510510510510511,10.221437410972833,10.157496249657296
1.0610610610610611,10.542282152460542,10.187314691934054
1.0710710710710711,6.489261791629639,10.217133134210812
1.0810810810810811,11.095536522623863,10.24695157648757
1.0910910910910911,7.0624537852413445,10.276770018764328
1.1011011011011012,9.447944107055696,10.306588461041086
1.1111111111111112,12.819072432540809,10.336406903317844
1.1211211211211212,8.89292945116321,10.366225345594604
1.1311311311311312,11.395891372528194,10.39604378787136
1.1411411411411412,12.448901531336166,10.42586223014812
1.1511511511511512,11.010935165645453,10.455680672424878
1.1611611611611612,7.741586543294268,10.485499114701636
1.1711711711711712,9.848562962810686,10.515317556978394
1.1811811811811812,14.462366228320116,10.545135999255152
1.1911911911911912,6.523482047578632,10.57495444153191
1.2012012012012012,10.052031575871254,10.604772883808668
1.2112112112112112,9.52941749065742,10.634591326085427
1.2212212212212212,10.905158389857942,10.664409768362185
1.2312312312312312,12.190124928068157,10.694228210638943
1.2412412412412412,13.941105659767832,10.724046652915701
1.2512512512512513,10.213288969735435,10.75386509519246
1.2612612612612613,12.408466443737424,10.783683537469217
1.2712712712712713,11.81329410354416,10.813501979745975
1.2812812812812813,11.792538439587444,10.843320422022735
1.2912912912912913,9.746026010820929,10.873138864299493
1.3013013013013013,8.909260966352104,10.902957306576251
1.3113113113113113,8.73384770869254,10.93277574885301
1.3213213213213213,9.451089545165718,10.962594191129767
1.3313313313313313,11.637367145726447,10.992412633406525
1.3413413413413413,12.545922810280684,11.022231075683283
1.351351351351351,11.700991749767844,11.052049517960041
1.361361361361361,9.986173891692603,11.0818679602368
1.371371371371371,14.726054333979064,11.111686402513559
1.3813813813813811,14.181875391407225,11.141504844790315
1.3913913913913911,10.466173948673829,11.171323287067075
1.4014014014014011,9.557341392232871,11.201141729343831
1.4114114114114114,11.494664142550176,11.230960171620591
1.4214214214214214,13.79886155437297,11.260778613897351
1.4314314314314314,11.959824248802528,11.290597056174107
1.4414414414414414,12.437421734144412,11.320415498450867
1.4514514514514514,10.930194109803104,11.350233940727625
1.4614614614614614,12.296926174788846,11.380052383004383
1.4714714714714714,14.503503317326691,11.409870825281141
1.4814814814814814,10.965106881489024,11.439689267557899
1.4914914914914914,11.76108993949022,11.469507709834659
1.5015015015015014,12.01213745760376,11.499326152111415
1.5115115115115114,12.101985246076609,11.529144594388175
1.5215215215215214,8.74078681242211,11.558963036664931
1.5315315315315314,7.840857282846805,11.58878147894169
1.5415415415415414,9.585314482780946,11.618599921218449
1.5515515515515514,11.990539245457992,11.648418363495207
1.5615615615615617,12.792397016691108,11.678236805771967
1.5715715715715717,10.653365595167466,11.708055248048723
1.5815815815815817,14.499259710479356,11.737873690325483
1.5915915915915917,11.4884228261224,11.76769213260224
1.6016016016016017,11.845436801274056,11.797510574878999
1.6116116116116117,11.44690709372951,11.827329017155757
1.6216216216216215,12.132918450358195,11.857147459432515
1.6316316316316315,13.303843042982102,11.886965901709273
1.6416416416416415,13.256231800749587,11.91678434398603
1.6516516516516515,10.158109073735774,11.94660278626279
1.6616616616616615,15.03231253794204,11.976421228539547
1.6716716716716715,9.82496210016118,12.006239670816306
1.6816816816816818,12.20349907322627,12.036058113093064
1.6916916916916918,11.52628192803037,12.065876555369822
1.7017017017017018,10.00712175046813,12.095694997646582
1.7117117117117118,11.984893959187472,12.125513439923338
1.7217217217217218,10.683537618580369,12.155331882200098
1.7317317317317318,12.3410096817473,12.185150324476856
1.7417417417417418,13.03139714766396,12.214968766753614
1.7517517517517518,15.1991139932018,12.244787209030372
1.7617617617617618,12.900053722540116,12.27460565130713
1.7717717717717718,11.092864634705666,12.30442409358389
1.7817817817817818,11.562105723906145,12.334242535860646
1.7917917917917918,12.655331587604502,12.364060978137406
1.8018018018018016,12.592327064329709,12.393879420414162
1.811811811811812,15.354613971892276,12.423697862690922
1.8218218218218216,15.256171324979375,12.453516304967678
1.831831831831832,11.777623643010973,12.483334747244438
1.841841841841842,11.428241269153128,12.513153189521198
1.851851851851852,7.441446347419839,12.542971631797956
1.861861861861862,11.487744758941144,12.572790074074714
1.871871871871872,10.659500203447047,12.602608516351472
1.881881881881882,11.935996729456008,12.63242695862823
1.891891891891892,13.458844160375898,12.66224540090499
1.901901901901902,13.06009036410368,12.692063843181746
1.911911911911912,12.67579972164065,12.721882285458504
1.921921921921922,13.164929987942791,12.751700727735262
1.931931931931932,12.543560249333812,12.781519170012022
1.941941941941942,13.219863690912778,12.811337612288778
1.951951951951952,6.393745840017231,12.841156054565538
1.961961961961962,12.347298906384378,12.870974496842296
1.971971971971972,12.694214473809902,12.900792939119054
1.981981981981982,12.263422513532774,12.930611381395812
1.991991991991992,12.540083451770093,12.96042982367257
2.002002002002002,14.412626241619469,12.99024826594933
2.012012012012012,11.839825373354389,13.020066708226087
2.022022022022022,17.467470264500324,13.049885150502845
2.032032032032032,14.472689956540274,13.079703592779603
2.042042042042042,13.113511624298384,13.109522035056361
2.052052052052052,12.742831549761023,13.139340477333121
2.062062062062062,13.013141613421917,13.169158919609878
2.072072072072072,11.38560207632826,13.198977361886636
2.0820820820820822,13.055841167730229,13.228795804163395
2.092092092092092,13.833643309730386,13.258614246440152
2.1021021021021022,14.465389537452769,13.288432688716911
2.112112112112112,14.495715894625004,13.31825113099367
2.1221221221221223,12.816611273234498,13.348069573270429
2.1321321321321323,10.564231891352538,13.377888015547185
2.1421421421421423,12.088221173959536,13.407706457823945
2.1521521521521523,16.680842542081233,13.437524900100701
2.1621621621621623,15.278603113306383,13.467343342377461
2.1721721721721723,14.255755689124866,13.49716178465422
2.1821821821821823,12.0239580570263,13.526980226930977
2.1921921921921923,13.583866886524136,13.556798669207735
2.2022022022022023,11.095269235281645,13.586617111484493
2.2122122122122123,12.532762885244493,13.616435553761253
2.2222222222222223,13.176259983296278,13.64625399603801
2.2322322322322323,12.973416832966272,13.676072438314769
2.2422422422422423,15.639930588838752,13.705890880591527
2.2522522522522523,10.919304928685854,13.735709322868285
2.2622622622622623,12.05592224375648,13.765527765145043
2.2722722722722724,11.06744087477238,13.795346207421801
2.2822822822822824,11.37214042147114,13.82516464969856
2.2922922922922924,14.124988669770175,13.854983091975317
2.3023023023023024,10.706025840794364,13.884801534252077
2.3123123123123124,15.444674494612212,13.914619976528835
2.3223223223223224,13.473335413084817,13.944438418805593
2.3323323323323324,14.134573662048954,13.97425686108235
2.3423423423423424,14.672180503021435,14.004075303359109
2.3523523523523524,13.188724016553875,14.033893745635869
2.3623623623623624,16.152046518593842,14.063712187912625
2.3723723723723724,13.728431663661848,14.093530630189385
2.3823823823823824,15.335287657625289,14.12334907246614
2.3923923923923924,13.778952411662674,14.1531675147429
2.4024024024024024,14.788955982057056,14.182985957019659
2.4124124124124124,14.79656257755316,14.212804399296417
2.4224224224224224,14.76720714617833,14.242622841573175
2.4324324324324325,12.34868159805546,14.272441283849933
2.4424424424424425,15.199078868422207,14.302259726126692
2.4524524524524525,13.719443379158166,14.332078168403449
2.4624624624624625,15.648363448367224,14.361896610680208
2.4724724724724725,10.11243052859281,14.391715052956966
2.4824824824824825,11.517215003337547,14.421533495233724
2.4924924924924925,15.204368601747536,14.451351937510482
2.5025025025025025,18.233362677717967,14.48117037978724
2.5125125125125125,16.207655031160012,14.510988822064
2.5225225225225225,13.202665699167609,14.540807264340756
2.5325325325325325,11.213492766841686,14.570625706617516
2.5425425425425425,16.113000069950864,14.600444148894274
2.5525525525525525,14.496491213571757,14.630262591171032
2.5625625625625625,15.86909612347646,14.66008103344779
2.5725725725725725,14.9483151621393,14.689899475724548
2.5825825825825826,14.807033597988738,14.719717918001308
2.592592592592593,20.69502866956413,14.749536360278066
2.6026026026026026,14.795547885716651,14.779354802554824
2.612612612612613,14.51934741933131,14.809173244831584
2.6226226226226226,14.624970517059824,14.83899168710834
2.6326326326326326,13.730824464482584,14.868810129385098
2.6426426426426426,16.908193717358554,14.898628571661856
2.6526526526526526,14.25044929039526,14.928447013938616
2.6626626626626626,16.25987339927717,14.958265456215372
2.6726726726726726,15.587224077645132,14.988083898492132
2.6826826826826826,17.4860197723129,15.017902340768888
2.6926926926926926,15.9184372720548,15.047720783045648
2.702702702702702,12.681338546212814,15.077539225322404
2.7127127127127126,12.485162568030258,15.107357667599164
2.722722722722722,17.984906460321973,15.13717610987592
2.7327327327327327,13.980776591669317,15.16699455215268
2.7427427427427427,12.587023068648923,15.196812994429438
2.7527527527527527,13.919021058518744,15.226631436706198
2.7627627627627627,17.817538862224303,15.256449878982956
2.7727727727727727,12.477892320421294,15.286268321259714
2.7827827827827827,13.61535794082913,15.316086763536472
2.7927927927927927,14.04476336078534,15.34590520581323
2.8028028028028027,12.90602866146202,15.375723648089988
2.8128128128128127,13.069783761415112,15.405542090366746
2.8228228228228227,12.432252517941151,15.435360532643504
2.8328328328328327,14.576123672225055,15.465178974920263
2.8428428428428427,14.81871086504836,15.494997417197022
2.8528528528528527,14.193482250151948,15.52481585947378
2.8628628628628627,12.281192910653306,15.554634301750538
2.8728728728728727,18.12529051233061,15.584452744027296
2.8828828828828827,12.990490990304329,15.614271186304054
2.8928928928928928,16.234746102724422,15.644089628580812
2.9029029029029028,13.55917552247096,15.673908070857571
2.9129129129129128,17.075372472221794,15.70372651313433
2.9229229229229228,17.680433479103097,15.733544955411087
2.932932932932933,14.043571625543487,15.763363397687845
2.942942942942943,11.981397369434578,15.793181839964603
2.952952952952953,17.250433497138076,15.823000282241361
2.962962962962963,19.64048998231616,15.85281872451812
2.972972972972973,16.750307998703786,15.882637166794877
2.982982982982983,16.270037791908386,15.912455609071637
2.992992992992993,17.618500198199357,15.942274051348395
3.003003003003003,17.539118701003044,15.972092493625153
3.013013013013013,14.38106137151702,16.00191093590191
3.023023023023023,14.750766447675774,16.031729378178667
3.033033033033033,17.32134619921092,16.061547820455427
3.043043043043043,15.841102434168544,16.091366262732187
3.053053053053053,18.792370350886262,16.121184705008943
3.063063063063063,14.780504894931672,16.151003147285703
3.073073073073073,17.72043905295618,16.180821589562463
3.083083083083083,16.934525211987705,16.21064003183922
3.093093093093093,16.02640415186001,16.240458474115975
3.103103103103103,18.661130852978523,16.270276916392735
3.113113113113113,17.6994824050742,16.300095358669495
3.123123123123123,14.35943506260516,16.32991380094625
3.133133133133133,17.679836760239095,16.35973224322301
3.143143143143143,19.17941069241783,16.38955068549977
3.153153153153153,16.198570081490214,16.419369127776527
3.163163163163163,15.992177788719545,16.449187570053283
3.173173173173173,15.180225224232473,16.479006012330043
3.183183183183183,16.522341778198847,16.508824454606803
3.193193193193193,17.9519809516854,16.53864289688356
3.203203203203203,14.974273010452114,16.568461339160315
3.2132132132132134,13.94692451816516,16.59827978143708
3.2232232232232234,15.918169847705816,16.628098223713835
3.2332332332332334,13.9402497423822,16.657916665990594
3.243243243243243,17.776166612294993,16.68773510826735
3.2532532532532534,15.906380219772158,16.71755355054411
3.263263263263263,13.278986100688176,16.747371992820867
3.2732732732732734,16.1226047903428,16.777190435097626
3.283283283283283,16.46461987826167,16.807008877374386
3.2932932932932935,17.778151106599314,16.836827319651142
3.3033033033033035,16.619182823601488,16.866645761927902
3.3133133133133135,20.67739285361956,16.896464204204662
3.3233233233233235,15.93256226689197,16.92628264648142
3.3333333333333335,16.875202902835387,16.956101088758174
3.3433433433433435,16.82420880150469,16.985919531034934
3.3533533533533535,16.49480329124601,17.015737973311694
3.3633633633633635,17.37494126011597,17.04555641558845
3.3733733733733735,18.202582714515465,17.075374857865206
3.3833833833833835,19.83034755722302,17.10519330014197
3.3933933933933935,14.041667925391254,17.135011742418726
3.4034034034034035,16.18952446259797,17.164830184695482
3.4134134134134135,16.344697389535753,17.194648626972242
3.4234234234234235,19.14597086499368,17.224467069249002
3.4334334334334335,16.58697417815361,17.254285511525758
3.4434434434434436,13.539979144171692,17.284103953802514
3.4534534534534536,17.535821288093512,17.313922396079274
3.4634634634634636,17.323011927308514,17.343740838356034
3.4734734734734736,17.77992355196305,17.37355928063279
3.4834834834834836,15.370124688491488,17.40337772290955
3.4934934934934936,20.918549842649487,17.43319616518631
3.5035035035035036,16.862790942939817,17.463014607463066
3.5135135135135136,17.163946823553207,17.492833049739822
3.5235235235235236,15.77055343095225,17.522651492016582
3.5335335335335336,15.738596592851152,17.55246993429334
3.5435435435435436,15.18515671113306,17.582288376570098
3.5535535535535536,16.874038957098346,17.612106818846858
3.5635635635635636,15.775527013177422,17.641925261123617
3.5735735735735736,21.833655403171164,17.671743703400374
3.5835835835835836,13.97376598997712,17.70156214567713
3.5935935935935936,15.524119684417194,17.73138058795389
3.603603603603604,17.00798195389678,17.76119903023065
3.6136136136136137,19.18782339703749,17.791017472507406
3.623623623623624,17.043357108110747,17.820835914784166
3.6336336336336337,19.252827686906855,17.850654357060925
3.643643643643644,15.957323152350288,17.88047279933768
3.6536536536536537,18.079543228750374,17.910291241614438
3.663663663663664,21.479073165012657,17.9401096838912
3.6736736736736737,16.085532229622064,17.969928126167957
3.683683683683684,18.89018640284184,17.999746568444714
3.6936936936936937,18.4949361196476,18.029565010721473
3.703703703703704,13.60804113913537,18.059383452998233
3.7137137137137137,16.963200048199784,18.08920189527499
3.723723723723724,20.43347498178315,18.11902033755175
3.7337337337337337,18.471356546170597,18.148838779828505
3.743743743743744,15.806693305439104,18.178657222105265
3.7537537537537538,19.642815807092543,18.20847566438202
3.763763763763764,17.333045400662584,18.23829410665878
3.7737737737737738,19.041422777482993,18.26811254893554
3.783783783783784,19.105191580226613,18.297930991212297
3.793793793793794,16.143990179090235,18.327749433489053
3.803803803803804,19.99106748088001,18.357567875765813
3.813813813813814,16.42642383897109,18.387386318042573
3.823823823823824,15.85989973878819,18.41720476031933
3.833833833833834,16.735843526057426,18.447023202596085
3.843843843843844,17.83935146380514,18.47684164487285
3.853853853853854,18.780367874444085,18.506660087149605
3.863863863863864,17.04642412684671,18.53647852942636
3.873873873873874,20.111260246411852,18.56629697170312
3.883883883883884,19.15458001973884,18.59611541397988
3.893893893893894,17.292085251470677,18.625933856256637
3.903903903903904,20.48969754690142,18.655752298533393
3.913913913913914,21.063878457034708,18.685570740810157
3.923923923923924,18.574402378152744,18.715389183086913
3.933933933933934,18.37183571187402,18.74520762536367
3.943943943943944,15.284289125319129,18.77502606764043
3.953953953953954,18.04683667707892,18.80484450991719
3.963963963963964,18.30887846676116,18.834662952193945
3.973973973973974,19.412680736441303,18.8644813944707
3.983983983983984,18.615099088691007,18.89429983674746
3.993993993993994,19.47003585826297,18.92411827902422
4.004004004004004,22.080192590619745,18.953936721300977
4.014014014014014,17.982213844774687,18.98375516357774
4.024024024024024,18.09012750694038,19.013573605854496
4.034034034034034,16.483771473496937,19.043392048131253
4.044044044044044,19.114811198648965,19.073210490408012
4.054054054054054,21.115788127101386,19.103028932684772
4.064064064064064,15.690051493807456,19.13284737496153
4.074074074074074,17.890508288183447,19.162665817238285
4.084084084084084,19.32413325726009,19.192484259515044
4.094094094094094,20.982488049331156,19.222302701791804
4.104104104104104,20.078052790366044,19.25212114406856
4.114114114114114,19.993269598706604,19.28193958634532
4.124124124124124,18.923746800430575,19.31175802862208
4.134134134134134,20.36615091643983,19.341576470898836
4.144144144144144,21.46104019949936,19.371394913175592
4.1541541541541545,16.044478909364056,19.401213355452352
4.1641641641641645,20.94956329416276,19.431031797729112
4.1741741741741745,19.325002910789095,19.46085024000587
4.1841841841841845,18.49257482412353,19.490668682282628
4.1941941941941945,14.696431010823952,19.520487124559388
4.2042042042042045,16.851909965304017,19.550305566836144
4.2142142142142145,23.038760627137144,19.5801240091129
4.2242242242242245,18.295575607745565,19.60994245138966
4.2342342342342345,17.53316516019654,19.63976089366642
4.2442442442442445,18.81988082044555,19.669579335943176
4.2542542542542545,18.272468319045576,19.699397778219936
4.2642642642642645,20.041510058030624,19.729216220496696
4.2742742742742745,22.856770179316044,19.759034662773452
4.2842842842842845,18.67962095114843,19.788853105050208
4.2942942942942945,20.191462983986625,19.818671547326968
4.3043043043043046,17.618438630432443,19.848489989603728
4.314314314314315,22.983275827356007,19.878308431880484
4.324324324324325,20.351059857801197,19.908126874157244
4.334334334334335,17.839364756421762,19.937945316434003
4.344344344344345,21.84164547330232,19.96776375871076
4.354354354354355,22.46303836022829,19.997582200987516
4.364364364364365,20.416005819908367,20.027400643264276
4.374374374374375,16.84432918804157,20.057219085541035
4.384384384384385,23.723490780186104,20.08703752781779
4.394394394394395,20.803428224436235,20.11685597009455
4.404404404404405,22.554121807936124,20.14667441237131
4.414414414414415,19.141456833008956,20.176492854648068
4.424424424424425,19.47602542380547,20.206311296924824
4.434434434434435,20.524209521884433,20.236129739201584
4.444444444444445,22.560136689405095,20.265948181478343
4.454454454454455,20.649343419697686,20.2957666237551
4.464464464464465,17.879725768326033,20.325585066031856
4.474474474474475,20.947401816990105,20.35540350830862
4.484484484484485,23.712521842474988,20.385221950585375
4.494494494494495,20.615096048409143,20.41504039286213
4.504504504504505,20.77228456106648,20.44485883513889
4.514514514514515,18.018456057975904,20.47467727741565
4.524524524524525,17.767595398127895,20.504495719692407
4.534534534534535,19.32821932597712,20.534314161969164
4.544544544544545,19.980598340396188,20.564132604245927
4.554554554554555,20.871785133684224,20.593951046522683
4.564564564564565,21.02560764264205,20.62376948879944
4.574574574574575,23.92753902575758,20.6535879310762
4.584584584584585,20.871128630653576,20.68340637335296
4.594594594594595,22.912629160605597,20.713224815629715
4.604604604604605,20.735155144523983,20.74304325790647
4.614614614614615,23.741651067095365,20.77286170018323
4.624624624624625,17.133078916379475,20.80268014245999
4.634634634634635,19.706440370547043,20.832498584736747
4.644644644644645,22.90000072645242,20.862317027013507
4.654654654654655,20.620771953450532,20.892135469290267
4.664664664664665,22.857053220769927,20.921953911567023
4.674674674674675,21.794156229578565,20.95177235384378
4.684684684684685,22.94580802148013,20.98159079612054
4.694694694694695,22.31021954014177,21.0114092383973
4.704704704704705,22.461411981741616,21.041227680674055
4.714714714714715,24.12905491844724,21.071046122950815
4.724724724724725,23.147122211576058,21.100864565227575
4.734734734734735,23.19181761847702,21.13068300750433
4.744744744744745,21.27507175180539,21.160501449781087
4.754754754754755,20.10056384463052,21.190319892057847
4.764764764764765,19.975174117749702,21.220138334334607
4.774774774774775,22.82621351870368,21.249956776611363
4.784784784784785,16.47743322626431,21.279775218888123
4.794794794794795,18.77002800777581,21.309593661164882
4.804804804804805,19.487907042656836,21.33941210344164
4.814814814814815,20.949201687057208,21.369230545718395
4.824824824824825,16.21159840085781,21.399048987995155
4.834834834834835,24.02194710968317,21.428867430271914
4.844844844844845,22.734885007193725,21.45868587254867
4.854854854854855,25.533729361481697,21.48850431482543
4.864864864864865,23.71902353244016,21.51832275710219
4.874874874874875,23.68538328692868,21.548141199378946
4.884884884884885,26.15600671671639,21.577959641655703
4.894894894894895,20.54276851096982,21.607778083932462
4.904904904904905,18.707797916215927,21.637596526209222
4.914914914914915,21.280029951759264,21.66741496848598
4.924924924924925,20.124790667080457,21.69723341076274
4.934934934934935,21.291114082755907,21.727051853039498
4.944944944944945,19.734396854318657,21.756870295316254
4.954954954954955,23.000624999772857,21.78668873759301
4.964964964964965,22.920860594092343,21.81650717986977
4.974974974974975,21.87107974378838,21.84632562214653
4.984984984984985,22.57811796172072,21.876144064423286
4.994994994994995,21.700883530726617,21.905962506700043
5.005005005005005,23.519082351549574,21.935780948976806
5.015015015015015,22.184326544015754,21.965599391253562
5.025025025025025,21.54418382528353,21.99541783353032
5.035035035035035,23.964274044990525,22.025236275807078
5.045045045045045,24.65677767358866,22.055054718083838
5.055055055055055,24.840072816447588,22.084873160360594
5.065065065065065,20.21464581655623,22.11469160263735
5.075075075075075,21.156330809141828,22.14451004491411
5.085085085085085,18.85226306575987,22.17432848719087
5.095095095095095,21.80815524887807,22.204146929467626
5.105105105105105,23.147562944270568,22.233965371744386
5.115115115115115,22.079742996321393,22.263783814021146
5.125125125125125,26.23707710947198,22.293602256297902
5.135135135135135,21.59371865518269,22.323420698574658
5.145145145145145,20.25841832445758,22.353239140851418
5.155155155155155,23.602473878801213,22.383057583128178
5.165165165165165,22.795363152491817,22.412876025404934
5.175175175175175,23.624810717126294,22.442694467681694
5.185185185185185,23.163131417127936,22.472512909958454
5.195195195195195,23.07311710664733,22.50233135223521
5.205205205205205,18.371017849530432,22.532149794511966
5.215215215215215,21.193417590610952,22.561968236788726
5.225225225225225,21.495025839769948,22.591786679065486
5.235235235235235,22.009777029835853,22.62160512134224
5.245245245245245,21.838952458813853,22.651423563619
5.255255255255255,23.591403289141144,22.68124200589576
5.265265265265265,23.997560813179835,22.711060448172518
5.275275275275275,20.562543972323517,22.740878890449274
5.285285285285285,24.229464669445218,22.770697332726034
5.295295295295295,24.057422163220025,22.800515775002793
5.305305305305305,23.84745604799235,22.83033421727955
5.315315315315315,20.110156969886607,22.86015265955631
5.325325325325325,23.857140576553977,22.88997110183307
5.335335335335335,23.171196845078544,22.919789544109825
5.345345345345345,24.957796186463725,22.94960798638658
5.355355355355355,26.63477965666867,22.97942642866334
5.365365365365365,26.27223186728462,23.0092448709401
5.375375375375375,23.35141447060598,23.039063313216857
5.385385385385385,23.152406772704616,23.068881755493617
5.395395395395395,24.45008275420485,23.098700197770373
5.405405405405405,20.986136309377336,23.128518640047133
5.415415415415415,20.344879963036643,23.15833708232389
5.425425425425425,22.33121509222628,23.18815552460065
5.435435435435435,25.74744413373536,23.21797396687741
5.445445445445445,22.674079739771393,23.247792409154165
5.455455455455455,26.371528177985233,23.277610851430925
5.465465465465465,17.820170630226393,23.30742929370768
5.475475475475475,20.25201357285116,23.33724773598444
5.485485485485485,23.20907899074506,23.367066178261197
5.495495495495495,25.262875569168237,23.396884620537957
5.505505505505505,23.37727031907633,23.426703062814717
5.515515515515515,23.355241057559944,23.456521505091473
5.525525525525525,23.333093586062393,23.486339947368233
5.535535535535535,20.080811137804456,23.51615838964499
5.545545545545545,25.952774385516346,23.54597683192175
5.555555555555555,22.301137226991923,23.575795274198505
5.565565565565565,25.875762011125605,23.605613716475265
5.575575575575575,23.585679890802023,23.635432158752025
5.585585585585585,25.89307753141492,23.66525060102878
5.595595595595595,24.473302748741915,23.69506904330554
5.605605605605605,23.603467835700332,23.724887485582297
5.615615615615615,24.299370140984248,23.754705927859057
5.625625625625625,20.930921658653727,23.784524370135813
5.635635635635635,23.918965561248974,23.814342812412573
5.645645645645645,27.3690175811612,23.84416125468933
5.655655655655655,26.583354094944394,23.87397969696609
5.665665665665665,22.026949831600852,23.90379813924285
5.675675675675675,25.03839872970287,23.933616581519605
5.685685685685685,24.553016826552135,23.963435023796364
5.6956956956956954,25.7214636473219,23.99325346607312
5.7057057057057055,24.30542288816154,24.02307190834988
5.7157157157157155,23.680139160886945,24.052890350626637
5.7257257257257255,26.83843872989847,24.082708792903396
5.7357357357357355,24.640000343751225,24.112527235180156
5.7457457457457455,26.748165881129868,24.142345677456913
5.7557557557557555,26.216039673956253,24.172164119733672
5.7657657657657655,23.648322814259483,24.20198256201043
5.7757757757757755,23.993326778613007,24.23180100428719
5.7857857857857855,28.217022225355404,24.261619446563945
5.7957957957957955,24.77035203826721,24.291437888840704
5.8058058058058055,22.90016057069737,24.321256331117464
5.8158158158158155,22.047360891477396,24.35107477339422
5.8258258258258255,26.42574234799299,24.38089321567098
5.8358358358358355,24.828094949700052,24.410711657947736
5.8458458458458455,22.95335363647957,24.440530100224496
5.855855855855856,25.916737230040816,24.470348542501256
5.865865865865866,24.91709498770944,24.500166984778012
5.875875875875876,21.306677486101712,24.52998542705477
5.885885885885886,25.835028767079283,24.559803869331528
5.895895895895896,27.354069093374154,24.589622311608288
5.905905905905906,29.83741817898266,24.619440753885044
5.915915915915916,24.817552875871755,24.649259196161804
5.925925925925926,25.24307709419887,24.67907763843856
5.935935935935936,28.021001418277415,24.70889608071532
5.945945945945946,25.175282371710797,24.738714522992076
5.955955955955956,25.41855159402771,24.768532965268836
5.965965965965966,23.63666111503675,24.798351407545596
5.975975975975976,22.139177702501545,24.828169849822352
5.985985985985986,26.78333382959767,24.85798829209911
5.995995995995996,22.440847514363497,24.887806734375868
6.006006006006006,27.299330503912945,24.917625176652628
6.016016016016016,23.471716930272727,24.947443618929384
6.026026026026026,25.60854599487468,24.977262061206144
6.036036036036036,24.363564645391538,25.007080503482904
6.046046046046046,27.48733861405282,25.03689894575966
6.056056056056056,25.769860972581327,25.06671738803642
6.066066066066066,29.11638890321248,25.096535830313176
6.076076076076076,23.060872869509065,25.126354272589936
6.086086086086086,26.085984421329773,25.156172714866692
6.096096096096096,25.382972050102552,25.18599115714345
6.106106106106106,25.878205460832163,25.215809599420208
6.116116116116116,28.540190691569244,25.245628041696968
6.126126126126126,26.54901443856295,25.275446483973727
6.136136136136136,23.11335759105399,25.305264926250484
6.146146146146146,26.505460075118098,25.335083368527243
6.156156156156156,24.637229716156963,25.364901810804
6.166166166166166,24.55178855835692,25.39472025308076
6.176176176176176,27.620243184595264,25.424538695357516
6.186186186186186,24.353878592506103,25.454357137634275
6.196196196196196,24.82912793342831,25.484175579911035
6.206206206206206,25.68343312742636,25.51399402218779
6.216216216216216,27.541020442139423,25.54381246446455
6.226226226226226,26.841858284401056,25.573630906741307
6.236236236236236,25.23987888487296,25.603449349018067
6.246246246246246,25.19438580736395,25.633267791294823
6.256256256256256,23.44850944570171,25.663086233571583
6.266266266266266,24.279128621613474,25.692904675848343
6.276276276276276,24.52006665718784,25.7227231181251
6.286286286286286,25.56027697536397,25.75254156040186
6.296296296296296,29.86241496322721,25.782360002678615
6.306306306306306,24.567980051346055,25.812178444955375
6.316316316316316,25.35729081313767,25.84199688723213
6.326326326326326,21.87418216902577,25.87181532950889
6.336336336336336,27.21015119763002,25.90163377178565
6.346346346346346,22.884141451385027,25.931452214062407
6.356356356356356,24.255890024740353,25.961270656339167
6.366366366366366,28.183769835981085,25.991089098615923
6.376376376376376,21.9192722699712,26.020907540892683
6.386386386386386,26.35099998394964,26.05072598316944
6.396396396396396,27.79104848251944,26.0805444254462
6.406406406406406,29.270107692099774,26.110362867722955
6.416416416416417,24.409063032270023,26.14018130999972
6.426426426426427,25.03122957879955,26.169999752276475
6.436436436436437,29.918181956114513,26.199818194553234
6.446446446446447,26.289219050176143,26.22963663682999
6.456456456456457,24.896841500830025,26.25945507910675
6.466466466466467,24.964427724784944,26.28927352138351
6.476476476476477,24.4843167822945,26.319091963660266
6.486486486486487,25.580115048607475,26.348910405937026
6.496496496496497,28.66593044238818,26.378728848213782
6.506506506506507,28.29505165666645,26.408547290490542
6.516516516516517,24.20100894389886,26.4383657327673
6.526526526526527,27.00875172898805,26.46818417504406
6.536536536536537,25.805290139464574,26.498002617320818
6.546546546546547,28.204520447848523,26.527821059597574
6.556556556556557,26.35695021521107,26.557639501874334
6.566566566566567,27.442749063299235,26.58745794415109
6.576576576576577,26.41251931581273,26.61727638642785
6.586586586586587,22.385587898483315,26.647094828704606
6.596596596596597,26.88379468052708,26.676913270981366
6.606606606606607,24.276325920759646,26.706731713258126
6.616616616616617,28.344106673203537,26.736550155534882
6.626626626626627,25.520224095080305,26.766368597811642
6.636636636636637,25.69988459776393,26.796187040088398
6.646646646646647,26.922134289915338,26.826005482365158
6.656656656656657,28.125557878418732,26.855823924641914
6.666666666666667,26.660512364401743,26.885642366918674
6.676676676676677,30.31439557412007,26.91546080919543
6.686686686686687,30.357695783031676,26.94527925147219
6.696696696696697,30.52102727443007,26.97509769374895
6.706706706706707,26.651482671002583,27.004916136025706
6.716716716716717,24.18623323794444,27.034734578302466
6.726726726726727,29.62033720865674,27.064553020579222
6.736736736736737,26.377519639610657,27.09437146285598
6.746746746746747,27.316572864244257,27.124189905132738
6.756756756756757,28.52691047598061,27.154008347409498
6.766766766766767,24.091427499274996,27.183826789686258
6.776776776776777,30.588572740995325,27.213645231963014
6.786786786786787,29.110285018566977,27.243463674239774
6.796796796796797,28.094933554533338,27.27328211651653
6.806806806806807,29.202253921377803,27.30310055879329
6.816816816816817,28.564355529105143,27.332919001070046
6.826826826826827,27.714136711618636,27.362737443346806
6.836836836836837,26.89496186622139,27.392555885623565
6.846846846846847,26.062255991828977,27.42237432790032
6.856856856856857,28.144999132377304,27.45219277017708
6.866866866866867,28.32300672014395,27.482011212453838
6.876876876876877,29.79702823600703,27.511829654730597
6.886886886886887,28.061980678099054,27.541648097007354
6.896896896896897,25.98428765912957,27.571466539284113
6.906906906906907,24.568255025927407,27.60128498156087
6.916916916916917,27.49562642673089,27.63110342383763
6.926926926926927,27.72586402740164,27.66092186611439
6.936936936936937,27.61462764522361,27.690740308391145
6.946946946946947,24.779815046129592,27.720558750667905
6.956956956956957,30.019801151941884,27.75037719294466
6.966966966966967,30.046160393368467,27.78019563522142
6.976976976976977,26.284360601701948,27.810014077498177
6.986986986986987,29.572925184205268,27.839832519774937
6.996996996996997,29.896652714614305,27.869650962051697
7.007007007007007,28.097915174316405,27.899469404328453
7.017017017017017,26.154053798662897,27.929287846605213
7.027027027027027,31.307844151603128,27.95910628888197
7.037037037037037,28.872953978655563,27.98892473115873
7.047047047047047,27.639066230717056,28.018743173435485
7.057057057057057,29.716861962516987,28.048561615712245
7.067067067067067,31.445618176901505,28.078380057989005
7.077077077077077,27.2369109378535,28.10819850026576
7.087087087087087,29.64410635177484,28.13801694254252
7.097097097097097,32.17761163274071,28.167835384819277
7.107107107107107,26.08819165285036,28.197653827096037
7.117117117117117,27.252844173895227,28.227472269372793
7.127127127127127,27.185671220196973,28.257290711649553
7.137137137137137,28.09475713731297,28.28710915392631
7.147147147147147,28.021493969673053,28.31692759620307
7.157157157157157,29.07306235020557,28.34674603847983
7.167167167167167,26.860750461232023,28.376564480756585
7.177177177177177,27.286204553769743,28.406382923033345
7.187187187187187,29.16414252952671,28.4362013653101
7.197197197197197,28.90141531105901,28.46601980758686
7.207207207207207,30.36978123994202,28.495838249863617
7.217217217217217,29.47036170150293,28.525656692140377
7.227227227227227,30.225374952803207,28.555475134417136
7.237237237237237,26.42580763262871,28.585293576693893
7.247247247247247,27.974909119510176,28.615112018970652
7.257257257257257,32.46853167353866,28.64493046124741
7.267267267267267,29.58595789490514,28.67474890352417
7.277277277277277,30.326617754924463,28.704567345800925
7.287287287287287,29.40733133618745,28.734385788077685
7.297297297297297,29.742563605749464,28.764204230354444
7.307307307307307,28.460113818865572,28.7940226726312
7.317317317317317,36.09511038800457,28.82384111490796
7.327327327327327,28.189670137162583,28.853659557184717
7.337337337337337,28.93536957652571,28.883477999461476
7.347347347347347,24.192369391131542,28.913296441738233
7.357357357357357,31.28460538726151,28.943114884014992
7.367367367367367,27.997596202732247,28.972933326291752
7.377377377377377,29.010543920108848,29.00275176856851
7.387387387387387,28.1060810603985,29.032570210845268
7.397397397397397,28.9148263016425,29.062388653122024
7.407407407407407,28.65372802538096,29.092207095398784
7.4174174174174174,29.166168700690953,29.12202553767554
7.4274274274274275,29.17667931697459,29.1518439799523
7.437437437437437,29.003901689340545,29.181662422229056
7.447447447447448,29.006587889249783,29.21148086450582
7.4574574574574575,31.989409277024407,29.241299306782576
7.4674674674674675,31.16523624192092,29.271117749059332
7.477477477477477,31.20731706932561,29.30093619133609
7.487487487487488,27.99756470023891,29.33075463361285
7.4974974974974975,32.00613415618922,29.360573075889608
7.5075075075075075,31.785811540914295,29.390391518166364
7.517517517517517,28.445743894949423,29.42020996044312
7.527527527527528,32.63028661698219,29.450028402719884
7.5375375375375375,28.24616072661303,29.47984684499664
7.5475475475475475,25.958578965832487,29.5096652872734
7.557557557557557,31.875724644979016,29.539483729550156
7.567567567567568,29.46366514184255,29.56930217182692
7.5775775775775776,31.686575861882694,29.599120614103672
7.587587587587588,28.25435843731438,29.628939056380432
7.597597597597598,27.269252769298703,29.65875749865719
7.607607607607608,32.28656640007076,29.688575940933948
7.617617617617618,27.038315726061317,29.718394383210708
7.627627627627628,26.760821860008154,29.748212825487464
7.637637637637638,26.061739131384208,29.778031267764224
7.647647647647648,24.353998346327785,29.80784971004098
7.657657657657658,27.894764206444194,29.83766815231774
7.667667667667668,25.664187086178927,29.867486594594496
7.677677677677678,29.961822063813372,29.897305036871256
7.687687687687688,25.590228362413768,29.927123479148015
7.697697697697698,27.904546254741113,29.95694192142477
7.707707707707708,34.787247115542435,29.98676036370153
7.717717717717718,30.843401634377297,30.016578805978288
7.727727727727728,30.288794533998637,30.046397248255047
7.737737737737738,26.971709252573497,30.076215690531804
7.747747747747748,29.7520479113457,30.106034132808563
7.757757757757758,30.369490399546507,30.135852575085323
7.767767767767768,27.092941711729186,30.16567101736208
7.777777777777778,30.58569469509457,30.19548945963884
7.787787787787788,32.74582827749356,30.225307901915595
7.797797797797798,29.69687715571463,30.255126344192355
7.807807807807808,30.028950686614852,30.28494478646911
7.817817817817818,26.369260622462605,30.31476322874587
7.827827827827828,27.68501574626431,30.34458167102263
7.837837837837838,32.62890371636995,30.374400113299387
7.847847847847848,29.22044225038253,30.404218555576147
7.857857857857858,28.71415030468874,30.434036997852903
7.867867867867868,29.21843737166089,30.463855440129663
7.877877877877878,30.51870137963197,30.49367388240642
7.887887887887888,28.34683184193208,30.52349232468318
7.897897897897898,30.946726705634163,30.553310766959935
7.907907907907908,28.003708369477604,30.583129209236695
7.917917917917918,32.301753757905324,30.612947651513455
7.927927927927928,28.669672229104577,30.64276609379021
7.937937937937938,33.45435045167801,30.67258453606697
7.947947947947948,30.823778538329076,30.702402978343727
7.957957957957958,29.18258501708341,30.732221420620487
7.967967967967968,32.72682512306854,30.762039862897243
7.977977977977978,28.184940175727707,30.791858305174003
7.987987987987988,29.869832673929142,30.821676747450763
7.997997997997998,30.99384294077276,30.85149518972752
8.008008008008009,30.78169041744761,30.88131363200428
8.018018018018019,27.036883117312804,30.91113207428104
8.028028028028029,29.242790998857352,30.9409505165578
8.038038038038039,31.45058279896098,30.970768958834554
8.048048048048049,28.504361025424327,31.000587401111314
8.058058058058059,33.707032771505865,31.03040584338807
8.068068068068069,32.19456598177618,31.06022428566483
8.078078078078079,30.205753452812093,31.090042727941587
8.088088088088089,30.82367933366414,31.119861170218346
8.098098098098099,35.017422541957934,31.149679612495106
8.108108108108109,33.19630122607696,31.179498054771862
8.118118118118119,32.1147926440867,31.209316497048622
8.128128128128129,28.553346843515833,31.23913493932538
8.138138138138139,34.673637051706336,31.268953381602138
8.148148148148149,33.5492465821924,31.298771823878894
8.158158158158159,31.177663699354735,31.328590266155654
8.168168168168169,30.405108366086935,31.35840870843241
8.178178178178179,31.158726656980992,31.38822715070917
8.188188188188189,29.16069120283062,31.41804559298593
8.198198198198199,30.653023479179915,31.447864035262686
8.208208208208209,33.15094565293366,31.477682477539446
8.218218218218219,28.03941210016951,31.507500919816202
8.228228228228229,31.056535936200135,31.537319362092962
8.238238238238239,31.94222666047439,31.567137804369718
8.248248248248249,31.951880819391405,31.596956246646478
8.258258258258259,29.416900866707927,31.626774688923238
8.268268268268269,29.44049902215069,31.656593131199994
8.278278278278279,34.0131655997516,31.686411573476754
8.288288288288289,29.415806679232283,31.71623001575351
8.298298298298299,33.91219680751177,31.74604845803027
8.308308308308309,30.960194294707943,31.775866900307026
8.318318318318319,34.11454765555683,31.805685342583786
8.328328328328329,31.14282797417496,31.835503784860546
8.338338338338339,29.682072373782407,31.865322227137302
8.348348348348349,33.75815475783197,31.89514066941406
8.358358358358359,32.04029263061468,31.924959111690818
8.368368368368369,35.002258275754016,31.954777553967578
8.378378378378379,33.91953530541081,31.984595996244334
8.388388388388389,31.70631190727757,32.014414438521094
8.398398398398399,31.29585999186925,32.04423288079785
8.408408408408409,32.27196991179973,32.07405132307461
8.418418418418419,32.63567529097364,32.10386976535137
8.428428428428429,30.521788231821667,32.133688207628126
8.438438438438439,33.99919446136447,32.16350664990489
8.448448448448449,31.550618361724556,32.19332509218164
8.458458458458459,31.52931988506875,32.2231435344584
8.468468468468469,31.3240287306604,32.25296197673516
8.478478478478479,32.89746997012218,32.282780419011914
8.488488488488489,31.08136026202376,32.31259886128868
8.498498498498499,32.76543571547609,32.34241730356543
8.508508508508509,38.05873166772926,32.37223574584219
8.518518518518519,32.44833663541287,32.40205418811895
8.528528528528529,31.717576108988293,32.43187263039571
8.538538538538539,29.280237159319817,32.461691072672465
8.548548548548549,32.746089495173784,32.49150951494923
8.558558558558559,30.457213789176464,32.521327957225985
8.568568568568569,31.954589467762567,32.55114639950274
8.578578578578579,33.03895092303002,32.580964841779505
8.588588588588589,29.30378686612146,32.610783284056254
8.598598598598599,33.110721300592715,32.64060172633302
8.608608608608609,33.43485617667792,32.67042016860977
8.618618618618619,30.261655816522556,32.70023861088653
8.62862862862863,32.10126750162771,32.73005705316329
8.63863863863864,29.254583191560307,32.75987549544005
8.64864864864865,36.09694781763076,32.789693937716805
8.65865865865866,33.637102529073665,32.81951237999357
8.66866866866867,32.646829004047795,32.849330822270325
8.67867867867868,32.70916437472371,32.87914926454708
8.68868868868869,35.32895328219761,32.908967706823844
8.6986986986987,32.907764992254876,32.93878614910059
8.70870870870871,33.78775966867763,32.96860459137736
8.71871871871872,36.193415276887144,32.99842303365412
8.72872872872873,32.493851890181794,33.02824147593087
8.73873873873874,31.030945567202753,33.05805991820763
8.74874874874875,31.597245096739,33.08787836048439
8.75875875875876,36.133603945154874,33.117696802761145
8.76876876876877,33.489162923334426,33.14751524503791
8.77877877877878,32.33167375979699,33.177333687314665
8.78878878878879,35.31365512596468,33.20715212959142
8.7987987987988,35.39231116775072,33.236970571868184
8.80880880880881,32.475130890613556,33.26678901414494
8.81881881881882,31.512582782285556,33.2966074564217
8.82882882882883,30.345429284364062,33.32642589869846
8.83883883883884,29.928738674664043,33.35624434097521
8.84884884884885,33.01657364285456,33.38606278325197
8.85885885885886,31.790184682502993,33.415881225528736
8.86886886886887,37.323555426218974,33.445699667805485
8.87887887887888,33.753712146026686,33.47551811008225
8.88888888888889,29.78236758016435,33.505336552359005
8.8988988988989,36.534155247716825,33.53515499463576
8.90890890890891,34.05014734556192,33.564973436912524
8.91891891891892,35.16671571750297,33.59479187918928
8.92892892892893,35.150856340453615,33.62461032146604
8.93893893893894,34.4099299513899,33.6544287637428
8.94894894894895,34.893532107715934,33.684247206019556
8.95895895895896,34.354398220336286,33.71406564829631
8.96896896896897,31.694135094976037,33.743884090573076
8.97897897897898,34.67040133322189,33.773702532849825
8.98898898898899,36.01477797695205,33.80352097512659
8.998998998999,33.57688417170536,33.833339417403344
9.00900900900901,35.12963146316654,33.8631578596801
9.01901901901902,34.89623534745318,33.892976301956864
9.02902902902903,37.7183912149253,33.92279474423362
9.03903903903904,33.6116165157176,33.952613186510376
9.04904904904905,33.56313882160667,33.98243162878714
9.05905905905906,33.94331369688368,34.012250071063896
9.06906906906907,34.002425056999826,34.04206851334065
9.07907907907908,29.69200181532863,34.071886955617416
9.08908908908909,32.982047584334126,34.10170539789417
9.0990990990991,34.897067430388844,34.13152384017093
9.10910910910911,34.31081429799162,34.16134228244769
9.11911911911912,32.758679048963096,34.19116072472444
9.12912912912913,33.05782888303663,34.220979167001204
9.13913913913914,33.7061911608235,34.25079760927796
9.14914914914915,32.844303885842606,34.280616051554716
9.15915915915916,33.45137625659068,34.31043449383148
9.16916916916917,33.428727268550446,34.340252936108236
9.17917917917918,36.32827923075189,34.37007137838499
9.18918918918919,36.60035010464972,34.399889820661755
9.1991991991992,36.46476778638694,34.42970826293851
9.20920920920921,35.48103122597807,34.45952670521527
9.21921921921922,33.241012688830565,34.48934514749203
9.22922922922923,36.60734858767515,34.51916358976878
9.23923923923924,34.089216544678855,34.548982032045544
9.24924924924925,34.793852164266696,34.57880047432231
9.25925925925926,37.454218841638955,34.608618916599056
9.26926926926927,34.975793520071086,34.63843735887582
9.27927927927928,35.33240589831308,34.668255801152576
9.28928928928929,32.04230889587469,34.69807424342933
9.2992992992993,35.871916485431605,34.727892685706095
9.30930930930931,32.96791463332296,34.75771112798285
9.31931931931932,36.98183727069376,34.78752957025961
9.32932932932933,34.618789633642294,34.81734801253637
9.33933933933934,30.545680333983796,34.84716645481313
9.34934934934935,34.332007842921364,34.87698489708988
9.35935935935936,34.62200900150624,34.90680333936665
9.36936936936937,36.07905856026429,34.936621781643396
9.37937937937938,36.47916291943248,34.96644022392016
9.38938938938939,34.51263967872579,34.996258666196915
9.3993993993994,37.223934587905944,35.02607710847367
9.40940940940941,28.89411757092242,35.055895550750435
9.41941941941942,33.8302802622078,35.08571399302719
9.42942942942943,33.06355974661391,35.11553243530395
9.43943943943944,32.80995129714847,35.14535087758071
9.44944944944945,37.267761091043376,35.17516931985747
9.45945945945946,37.03671917642808,35.20498776213422
9.46946946946947,33.856868367587964,35.23480620441099
9.47947947947948,37.79455244635836,35.26462464668774
9.48948948948949,35.67140225337331,35.2944430889645
9.4994994994995,34.655130296948194,35.32426153124126
9.50950950950951,34.142682935783654,35.35407997351801
9.51951951951952,34.002015105632374,35.383898415794775
9.52952952952953,36.53413830348766,35.41371685807153
9.53953953953954,36.918928420552625,35.44353530034829
9.54954954954955,36.125651073024464,35.47335374262505
9.55955955955956,31.578243323912485,35.50317218490181
9.56956956956957,36.301426020814525,35.53299062717856
9.57957957957958,36.86953186681635,35.56280906945533
9.58958958958959,34.43035755783987,35.59262751173208
9.5995995995996,35.885299884595504,35.62244595400884
9.60960960960961,32.10106023022734,35.6522643962856
9.61961961961962,33.39892073549932,35.68208283856236
9.62962962962963,35.24041819240783,35.711901280839115
9.63963963963964,35.299416630886704,35.74171972311588
9.64964964964965,36.652307692448154,35.77153816539263
9.65965965965966,33.60512820592016,35.80135660766939
9.66966966966967,35.326596879767656,35.83117504994615
9.67967967967968,35.059479478212225,35.8609934922229
9.68968968968969,37.12509001702749,35.890811934499666
9.6996996996997,38.94118463583576,35.92063037677642
9.70970970970971,39.57096976874928,35.95044881905318
9.71971971971972,33.02227906549645,35.98026726132994
9.72972972972973,36.09316080568828,36.0100857036067
9.73973973973974,33.99416059872969,36.039904145883455
9.74974974974975,36.119759346276766,36.06972258816022
9.75975975975976,37.12511783851118,36.09954103043697
9.76976976976977,36.472291106716135,36.12935947271373
9.77977977977978,36.241315941750415,36.159177914990494
9.78978978978979,39.33544771889997,36.18899635726724
9.7997997997998,37.84137818280722,36.218814799544006
9.80980980980981,35.88412050635387,36.24863324182076
9.81981981981982,36.50788218125005,36.27845168409752
9.82982982982983,38.23128510306829,36.30827012637428
9.83983983983984,37.73910053159808,36.33808856865104
9.84984984984985,35.69939734214791,36.367907010927794
9.85985985985986,33.02909389737244,36.39772545320456
9.86986986986987,34.24029462406423,36.427543895481314
9.87987987987988,36.93159808966667,36.45736233775807
9.88988988988989,33.09661596431166,36.487180780034834
9.8998998998999,36.394910703666845,36.51699922231158
9.90990990990991,35.82259137735467,36.546817664588346
9.91991991991992,38.75826536585416,36.5766361068651
9.92992992992993,34.15370214283888,36.60645454914186
9.93993993993994,32.956281862017846,36.63627299141862
9.94994994994995,36.01056836662963,36.66609143369538
9.95995995995996,38.149406143066926,36.695909875972134
9.96996996996997,39.04974710776462,36.7257283182489
9.97997997997998,35.121285906820056,36.755546760525654
9.98998998998999,37.91049746516234,36.78536520280241
10.0,34.77713910447529,36.81518364507917
